// insert values into product table
mysql> insert into Product values(001,'pen',100);
Query OK, 1 row affected (0.01 sec)

mysql> insert into Product values(002,'pencil',130);
Query OK, 1 row affected (0.01 sec)

mysql> insert into Product values(003,'soap',70);
Query OK, 1 row affected (0.01 sec)

mysql> insert into Product values(004,'paste',120);
Query OK, 1 row affected (0.00 sec)

mysql> insert into Product values(005,'brush',60);
Query OK, 1 row affected (0.01 sec)

mysql> select * from Product;
+-----+--------+-------+
| pid | pname  | price |
+-----+--------+-------+
|   1 | pen    |   100 |
|   2 | pencil |   130 |
|   3 | soap   |    70 |
|   4 | paste  |   120 |
|   5 | brush  |    60 |
+-----+--------+-------+
5 rows in set (0.00 sec)

// insert values into Invoice_master
insert into Invoice_master values(101,10001,20211126);
Query OK, 1 row affected (0.01 sec)
mysql> Insert into Invoice_master values(102,10002,20211126);
Query OK, 1 row affected (0.00 sec)

mysql> insert into Invoice_master values(103,10003,20220211);
Query OK, 1 row affected (0.00 sec)

mysql> insert into Invoice_master values(104,10004,20230125);
Query OK, 1 row affected (0.00 sec)

mysql> insert into Invoice_master values(105,10004,20210810);
Query OK, 1 row affected (0.00 sec)
mysql> select * from Invoice_master;
+--------+---------+------------+
| inv_id | cust_id | inv_date   |
+--------+---------+------------+
|    101 |   10001 | 2021-11-26 |
|    102 |   10002 | 2021-11-26 |
|    103 |   10003 | 2022-02-11 |
|    104 |   10004 | 2023-01-25 |
|    105 |   10004 | 2021-08-10 |
+--------+---------+------------+
5 rows in set (0.00 sec)


//insert values into Invoice_item

mysql> desc Invoice_item;
+----------+------+------+-----+---------+-------+
| Field    | Type | Null | Key | Default | Extra |
+----------+------+------+-----+---------+-------+
| inv_id   | int  | YES  | MUL | NULL    |       |
| pid      | int  | YES  | MUL | NULL    |       |
| quantity | int  | YES  |     | NULL    |       |
+----------+------+------+-----+---------+-------+
3 rows in set (0.00 sec)

mysql> insert into Invoice_item values(101,1,10);
Query OK, 1 row affected (0.01 sec)

mysql> insert into Invoice_item values(102,2,1);
Query OK, 1 row affected (0.01 sec)

mysql> insert into Invoice_item values(103,4,15);
Query OK, 1 row affected (0.01 sec)

mysql> insert into Invoice_item values(104,5,20);
Query OK, 1 row affected (0.00 sec)

mysql> insert into Invoice_item values(105,5,1);
Query OK, 1 row affected (0.00 sec)

mysql> select*from Invoice_item;
+--------+------+----------+
| inv_id | pid  | quantity |
+--------+------+----------+
|    101 |    1 |        6 |
|    102 |    2 |        1 |
|    103 |    4 |       15 |
|    104 |    5 |       20 |
|    105 |    5 |        1 |
+--------+------+----------+
5 rows in set (0.00 sec)




